model,threshold,accuracy,recall,precision,f1,roc_auc,pr_auc,tn_fp_fn_tp
RF_Accuracy,0.49,0.9491525423728814,0.8156028368794326,0.92,0.8646616541353384,0.9210914731009293,0.8968212395680191,"[557, 10, 26, 115]"
Tree_MLP_Recall,0.1,0.6680790960451978,0.6099290780141844,0.3233082706766917,0.4226044226044226,0.6973494940398015,0.4214606519465838,"[387, 180, 55, 86]"
