pair,pearson_corr
V8-V10,0.9999999622142508
V11-V13,0.9999997799512252
V14-V16,0.9999991740182564
V17-V19,0.9999927917894693
