model,threshold,accuracy,recall,precision,f1,roc_auc,pr_auc,tn_fp_fn_tp
ET_Recall,0.14,0.5480225988700564,0.9432624113475178,0.298876404494382,0.4539249146757679,0.9265138154027043,0.8809258903111767,"[255, 312, 8, 133]"
RF_Accuracy,0.45,0.9491525423728814,0.8226950354609929,0.9133858267716536,0.8656716417910447,0.9260009756463656,0.9018249319892487,"[556, 11, 25, 116]"
