model,threshold,accuracy,recall,precision,f1,roc_auc,pr_auc,tn_fp_fn_tp
RFE_MLP_Accuracy,0.45,0.8559322033898306,0.475177304964539,0.7052631578947368,0.5677966101694916,0.7716924962787847,0.584358097123936,"[539, 28, 74, 67]"
Tree_MLP_Recall,0.1,0.6680790960451978,0.6099290780141844,0.3233082706766917,0.4226044226044226,0.6973494940398015,0.4214606519465838,"[387, 180, 55, 86]"
